Workbook

Sheet Billet and Gauge
B2: RATES ARE IN PER METRIC TON | F2: Daily Input
F3: Twice Mthly Input
B4: Date | C4: 46120 | F4: Auto Populate
F5: No Inputs
B6: Zinc (HZL List) | C6: 409500
B8: Billets | C8: Ryp_Coml (L) | D8: Ryp_Coml (H) | E8: Ryp_Test (L) | F8: Ryp_Test (H) | G8: Ngp_Test (H) | H8: SAIL_Dgp | I8: SAIL_Kol | J8: SAIL_Ryp | K8: SAIL_Ngp | L8: SAIL_Rour | M8: JSPL_Rgh
C9: 38511 | D9: 44511 | E9: =C9+4000 -> 42511 | F9: =D9+4000 -> 48511 | G9: =E9+1500 -> 44011 | H9: 44500 | I9: =H9+1000 -> 45500 | J9: =H9+2250 -> 46750 | K9: =H9+2750 -> 47250 | L9: =H9+1450 -> 45950 | M9: 50000
B11: HR Plates - 16, 20 mm | C11: Raipur_IS2062 | D11: Rourkela_IS2062 | E11: Raigarh_IS2062
C12: 57000 | D12: 57000 | E12: 59000
B14: HR Coil - 2.5 to 8 mm | C14: Kolkatta_IS2062 | D14: Raipur_IS2062 | E14: NCR_IS2062 | H14: RM Category
C15: 57000 | D15: 56075 | E15: 57000 | H15: PG /NTPC | I15: MS
H16: MAIN /BSEN | I16: MS
B17: Wire Rods - 16/22 mm | C17: Ludhiana_Coml | D17: RINL/JSW (Pb) | E17: RINL/JSW (Lkw) | H17: NPG | I17: MS
C18: 54000 | D18: 61000 | E18: 59500 | H18: CORE | I18: MS
H19: PG /NTPC | I19: HT
B20: Rounds - 28 to 56 mm | C20: Delhi (Coml) | D20: RINL/JSW (Pb) | E20: RINL/JSW (Ngp) | F20: RINL/JSW (Lkw) | G20: RINL/JSW (Jpr) | H20: MAIN /BSEN | I20: HT
C21: 52500 | D21: 59000 | E21: 55500 | F21: 58000 | G21: 58500 | H21: NPG | I21: HT
H22: CORE | I22: HT
B23: Gauge Sheet
B24: Updated | C24: 03.04.26
B25: MS Angle | C25: Sections | D25: Gauge Diff
B26: Base Angles | C26: L-50X6, 65X6, 75X6 | D26: 6500
C27: L-50X5/8, 65X5/8, 75X5/8 | D27: 6800
B28: TLT Angles | C28: L-40x4/5/6, L-45x4/5/6, L-50x4, L-55x4/5, L-60x4/5, L-65X4, L-70x5/6, L-75x10, L-80x6/8 | D28: 7700
B29: Unequal Angles | C29: UL-45x30x4/ 45x30x5 | D29: 9000
B30: Medium Angles (BALAJEE) | C30: L-90x6/8/10 | D30: 7500
C31: L-100X6/8/10/12 | D31: 7500
C32: L-110X8/10/12 | D32: 8200
B34: Medium Angles (MAHAMAYA) | C34: L-90x6/8/10 | D34: 500
C35: L-100X6/8/10/12 | D35: 500
C36: L-110X8/10/12 | D36: 1000
B37: Heavy Angles | C37: L-130X10/12 | D37: 2500
C38: L-150X10/12/16/20 | D38: 4000
B39: Super Heavy Angles | C39: L-200X12/16/20 | D39: 5500
C40: L-200X25 | D40: 6500
B42: Light - Medium (SREL) | C42: L-45 to L-130 | D42: 9500
B43: Heavy (SREL) | C43: L-150 | D43: 10000
B44: Super Heavy (SREL) | C44: L-200 | D44: 10500
B45: Ultra Heavy (SREL) | C45: L-250 | D45: 14000
B47: Light (JSPL) | C47: L-75 to L-90 | D47: 9000
B48: Medium (JSPL) | C48: L-100 - 130 | D48: 10000
B49: Heavy (JSPL) | C49: L-150 | D49: 13000
B50: Super Heavy (JSPL) | C50: L-200 | D50: 15000
B51: Ultra Heavy (JSPL) | C51: L-250 | D51: 18500
B53: MS Flats | C53: Sections | D53: Gauge Diff
B54: Base | C54: F-40x10/12, F-50x8/10/12, F-65x6/8/10/12, F-75x6/8/10/12, F-100x6/8/10/12/16 | D54: 6300
B55: Base Thin | C55: F-40x6, 50x6 | D55: 6800
B56: Medium | C56: F-125/150x6/8/10/12/16 | D56: 6800
B57: Wide | C57: F-200x6/8/10/12/16 | D57: 7800
B58: Ultra Wide | C58: F-250x6/8/10/12/16 | D58: 9300
B59: Thin | C59: F-25x5/6 | D59: 7300
B60: Ultra Thin | C60: F-25x3/4 | D60: 8300
B61: Base - (SREL / SWASTI) | C61: F-50x6/8, 75x8/10/12 | D61: 9500
B64: MS Rounds | C64: Sections | D64: Gauge Diff
B65: Base | C65: MSR-28, 30, 32, 34, 36, 38, 40, 42, 45, 50 | D65: 6300
B66: Base Thin | C66: MSR-20, 22, 25 | D66: 6800
B67: Medium | C67: MSR-54, 56, 60, 63, 65 | D67: 7300
B70: MS & H Beam | C70: Gauge Diff | E70: MS Beam (RUPL-C) | F70: Gauge Diff | H70: RSJ/WPB (SAIL-DGP) | I70: Gauge Diff
B71: B-150 | C71: 0 | E71: HB-100X116 23 kg | F71: 7500 | H71: HB-100X116 23 kg | I71: 10000
B72: B-125 13.3 kg | C72: 800 | E72: HB-150 37 kg | F72: 7500 | H72: HB-150 37 kg | I72: 10000
B73: B-175 19 kg | C73: 2000 | E73: HB-150 34 kg | F73: 7500 | H73: HB-150 34 kg | I73: 10000
B74: B-200 | C74: 500 | E74: HB-203x152 52 kg | F74: 7500 | H74: WPB-160X152 30.44 kg | I74: 9000
B75: B-250 | C75: 1600
B76: B-300 | C76: 2500 | E76: MS Chnnl (RUPL-C) | F76: Gauge Diff | H76: RSJ/UC/WPB (JSPL) | I76: Gauge Diff
B77: B-350 | C77: 4500 | E77: C-100/125/150 | F77: 7500 | H77: WPB-160X152 30.44 kg | I77: 17500
B78: B-400 | C78: 4000 | E78: C-75 | F78: - | H78: HB-150 37 kg | I78: 17500
B79: B-450 | C79: 5500 | E79: C-175 | F79: 7500 | H79: HB-150 34 kg | I79: 17500
B80: B-500 | C80: 7000 | E80: C-200 | F80: 7500 | H80: UC-203x152 52 kg | I80: 21500
B81: B-600 | C81: 10000 | E81: C-250 | F81: 7500 | H81: UC-203x203 52 kg | I81: 21500
B82: HB-100X116 23 kg | C82: 1200
B83: HB-150 37 kg | C83: 1800
B84: HB-150 34 kg | C84: 1800 | E84: MS H Beam (JSPL) | F84: Gauge Diff
B85: HB-150 30 kg | C85: 1800 | E85: B-150 / 152 | F85: 7500
B86: HB-200x152 | C86: 5000 | E86: C-75 | F86: -
B87: HB-200 | C87: 7500
B90: MS Channel | C90: Gauge Diff | E90: MS Channel (JSPL) | F90: Gauge Diff
B91: C-100/125/150 | C91: 300 | E91: C-100/125/150 | F91: 9500
B92: C-75 | C92: 300 | E92: C-75 | F92: -
B93: C-175 | C93: 3500 | E93: C-175 | F93: 10500
B94: C-200 | C94: 1500 | E94: C-200 | F94: 9500
B95: C-225 | C95: 4000 | E95: C-225 | F95: -
B96: C-250 | C96: 2500 | E96: C-250 | F96: 10500
B97: C-300 | C97: 4500 | E97: C-300 | F97: 12500
B98: C-400 | C98: 6000 | E98: C-400 | F98: 14500
B101: MS Plates | C101: Gauge Diff. (SAIL-B) | D101: Gauge Diff. (SAIL-R) | E101: Gauge Diff. (JSPL)
B102: 6 mm, 8 mm, 10 mm | C102: 0 | D102: 0 | E102: 0
B103: 16 mm & 20 mm | C103: 0 | D103: 1000 | E103: 0
B104: 12mm & 25 mm | C104: 500 | D104: 1500 | E104: 1000
B105: 28 mm to 40 mm | C105: 500 | D105: 2000 | E105: 2500
B106: 45 mm to 63 mm | C106: 2000 | D106: 4500 | E106: 3500
B107: 5 mm to 8 mm (Cheq.) | C107: 0 | D107: 2000 | E107: 0
B110: ERW Pipe / SHS / RHS | C110: Gauge Diff
B111: 25 NB to 65 NB | C111: 0
B112: 80 NB to 150 NB | C112: 0
B113: 175 NB to 200 NB | C113: 1000
B114: 250 NB to 300 NB | C114: 3000
B115: 350 NB to 400 NB | C115: 4000
B118: Hardware (N&B) | C118: Gauge Diff
B119: M16 N&B | C119: 0
B120: M12 N&B | C120: 3000
...

Sheet RM Price List
B1: RATES ARE IN PER METRIC TON
B3: Angles | C3: MS | D3: ='Billet and Gauge'!C130 -> 0
C4: HT (Gauge Diff.) | D4: 3500
C5: Base Price: | D5: ='Billet and Gauge'!C9 -> 38511 | E5: ='Billet and Gauge'!C9 -> 38511 | F5: ='Billet and Gauge'!D9 -> 44511 | G5: ='Billet and Gauge'!D9 -> 44511 | H5: ='Billet and Gauge'!K9 -> 47250 | I5: ='Billet and Gauge'!J9 -> 46750 | J5: ='Billet and Gauge'!J9 -> 46750 | K5: ='Billet and Gauge'!J9 -> 46750 | L5: ='Billet and Gauge'!F9 -> 48511 | M5: ='Billet and Gauge'!E9 -> 42511 | N5: ='Billet and Gauge'!G9 -> 44011 | O5: ='Billet and Gauge'!E9 -> 42511 | P5: ='Billet and Gauge'!M9 -> 50000
C6: Load+Trspt+Brok | D6: =385+250+85 -> 720 | E6: =385+250+85 -> 720 | F6: =385+250+85 -> 720 | G6: =385+250+85 -> 720 | H6: 1250 | I6: =385+250+85 -> 720 | J6: =385+250+85 -> 720 | K6: 1250 | L6: =385+250+85 -> 720 | M6: =385+250+85 -> 720 | N6: 1250 | O6: =385+250+85 -> 720 | P6: 1100
C7: Make: | D7: (NPG) | E7: (NPG) | F7: (NPG) | G7: (NPG) | H7: (PG) | I7: (PG) | J7: (PG) | K7: (PG) | L7: (TESTED) | M7: (TESTED) | N7: (MAIN/BSEN) | O7: (MAIN) | P7: (PG/NTPC)
B8: Sections | C8: Supplier: | D8: BALAJEE | E8: JAI AMBE | F8: NSPL | G8: VANDANA | H8: SREL | I8: KIPL | J8: SBAL | K8: NSPL | L8: NSPL | M8: MADHUR | N8: SREL | O8: BALAJEE | P8: JSPL
B9: 50/65/75 x 6/8 mm | C9: Light | D9: =D5+D6+'Billet and Gauge'!D26 -> 45731 | E9: =E5+E6+'Billet and Gauge'!D26 -> 45731 | F9: - | G9: - | H9: =H5+H6+'Billet and Gauge'!D42 -> 58000 | I9: =I5+I6+'Billet and Gauge'!D42 -> 56970 | J9: - | K9: =K5+K6+'Billet and Gauge'!D42 -> 57500 | L9: - | M9: =M5+M6+'Billet and Gauge'!D26 -> 49731 | N9: =N5+N6+'Billet and Gauge'!D42 -> 54761 | O9: =O5+O6+'Billet and Gauge'!D26 -> 49731 | P9: -
B10: 50/65/75 x 5 mm | C10: Light | D10: =D5+D6+'Billet and Gauge'!D27 -> 46031 | E10: =E5+E6+'Billet and Gauge'!D27 -> 46031 | F10: - | G10: - | H10: =H5+H6+'Billet and Gauge'!D42 -> 58000 | I10: =I5+I6+'Billet and Gauge'!D42 -> 56970 | J10: - | K10: =K5+K6+'Billet and Gauge'!D42 -> 57500 | L10: - | M10: =M5+M6+'Billet and Gauge'!D27 -> 50031 | N10: =N5+N6+'Billet and Gauge'!D42 -> 54761 | O10: =O5+O6+'Billet and Gauge'!D27 -> 50031 | P10: -
B11: TLT 45 - 80 mm | C11: Light | D11: =D5+D6+'Billet and Gauge'!D28 -> 46931 | E11: =E5+E6+'Billet and Gauge'!D28 -> 46931 | F11: - | G11: - | H11: =H5+H6+'Billet and Gauge'!D42 -> 58000 | I11: =I5+I6+'Billet and Gauge'!D42 -> 56970 | J11: =J5+J6+'Billet and Gauge'!D42 -> 56970 | K11: =K5+K6+'Billet and Gauge'!D42 -> 57500 | L11: - | M11: =M5+M6+'Billet and Gauge'!D28 -> 50931 | N11: =N5+N6+'Billet and Gauge'!D42 -> 54761 | O11: =O5+O6+'Billet and Gauge'!D28 -> 50931 | P11: -
B12: TLT 90 - 110 mm | C12: Medium | D12: =D5+D6+'Billet and Gauge'!D30 -> 46731 | E12: =E5+E6+'Billet and Gauge'!D30 -> 46731 | F12: =F5+F6+'Billet and Gauge'!D36 -> 46231 | G12: =G5+G6+'Billet and Gauge'!D36 -> 46231 | H12: =H5+H6+'Billet and Gauge'!D42 -> 58000 | I12: =I5+I6+'Billet and Gauge'!D42 -> 56970 | J12: =J5+J6+'Billet and Gauge'!D42 -> 56970 | K12: =K5+K6+'Billet and Gauge'!D45 -> 62000 | L12: =L5+L6+'Billet and Gauge'!D36 -> 50231 | M12: =M5+M6+'Billet and Gauge'!D30 -> 50731 | N12: =N5+N6+'Billet and Gauge'!D42 -> 54761 | O12: =O5+O6+'Billet and Gauge'!D30 -> 50731 | P12: =P5+P6+'Billet and Gauge'!D48 -> 61100
B13: 130 mm | C13: Heavy | D13: - | E13: - | F13: =F5+F6+'Billet and Gauge'!D37 -> 47731 | G13: =G5+G6+'Billet and Gauge'!D37 -> 47731 | H13: =H5+H6+'Billet and Gauge'!D42 -> 58000 | I13: =I5+I6+'Billet and Gauge'!D42 -> 56970 | J13: =J5+J6+'Billet and Gauge'!D42 -> 56970 | K13: =K9+K10+'Billet and Gauge'!D46 -> 115000 | L13: =L5+L6+'Billet and Gauge'!D37 -> 51731 | M13: - | N13: =N5+N6+'Billet and Gauge'!D42 -> 54761 | O13: - | P13: =P5+P6+'Billet and Gauge'!D48 -> 61100
B14: 150 mm | C14: Heavy | D14: - | E14: - | F14: =F5+F6+'Billet and Gauge'!D38 -> 49231 | G14: =G5+G6+'Billet and Gauge'!D38 -> 49231 | H14: =H5+H6+'Billet and Gauge'!D43 -> 58500 | I14: =I5+I6+'Billet and Gauge'!D43 -> 57470 | J14: =J5+J6+'Billet and Gauge'!D43 -> 57470 | K14: =K10+K11+'Billet and Gauge'!D47 -> 124000 | L14: =L5+L6+'Billet and Gauge'!D38 -> 53231 | M14: - | N14: =N5+N6+'Billet and Gauge'!D43 -> 55261 | O14: - | P14: =P5+P6+'Billet and Gauge'!D49 -> 64100
B15: 200 mm | C15: Super Heavy | D15: - | E15: - | F15: =F5+F6+'Billet and Gauge'!D39 -> 50731 | G15: =G5+G6+'Billet and Gauge'!D39 -> 50731 | H15: =H5+H6+'Billet and Gauge'!D44 -> 59000 | I15: =I5+I6+'Billet and Gauge'!D44 -> 57970 | J15: =J5+J6+'Billet and Gauge'!D44 -> 57970 | K15: =K11+K12+'Billet and Gauge'!D48 -> 129500 | L15: =L5+L6+'Billet and Gauge'!D39 -> 54731 | M15: - | N15: =N5+N6+'Billet and Gauge'!D44 -> 55761 | O15: - | P15: =P5+P6+'Billet and Gauge'!D50 -> 66100
B16: 250 mm | C16: Ultra Heavy | D16: - | E16: - | F16: - | G16: - | H16: =H5+H6+'Billet and Gauge'!D45 -> 62500 | I16: - | J16: =J5+J6+'Billet and Gauge'!D45 -> 61470 | K16: =K12+K13+'Billet and Gauge'!D49 -> 190000 | L16: - | M16: - | N16: =N5+N6+'Billet and Gauge'!D45 -> 59261 | O16: - | P16: =P5+P6+'Billet and Gauge'!D51 -> 69600
B19: MS Flats | C19: Conversion | D19: ='Billet and Gauge'!C134 -> 500
C20: Base Price: | D20: ='Billet and Gauge'!C9 -> 38511 | E20: ='Billet and Gauge'!C9 -> 38511 | F20: ='Billet and Gauge'!C9 -> 38511 | G20: ='Billet and Gauge'!E9 -> 42511 | H20: ='Billet and Gauge'!J9 -> 46750 | I20: ='Billet and Gauge'!I9 -> 45500 | J20: ='Billet and Gauge'!K9 -> 47250 | M20: RM Category | O20: Light | P20: Medium | Q20: Heavy | R20: Super Heavy | S20: Ultra Heavy
C21: Load+Trspt+Brok | D21: =385+250+85 -> 720 | E21: =385+250+85 -> 720 | F21: =385+250+85 -> 720 | G21: =385+250+85 -> 720 | H21: =385+250+85 -> 720 | I21: 2500 | J21: 1250 | M21: PG /NTPC | N21: MS
C22: Make: | D22: (NPG) | E22: (NPG) | F22: (NPG) | G22: (TESTED) | H22: (PG) | I22: (PG) | J22: (PG) | M22: MAIN /BSEN | N22: MS
B23: Sections | D23: SRS | E23: ANKIT | F23: RATS/MAHS | G23: ANKIT | H23: ANKIT | I23: SWASTIKA | J23: SREL | M23: NPG | N23: MS | O23: =AVERAGE(D9:E11) -> 46231 | P23: =AVERAGE(D12:G12) -> 46481 | Q23: =AVERAGE(F13:G14) -> 48481 | R23: =AVERAGE(F15:G15) -> 50731 | S23: =AVERAGE(H16:J16) -> 61985
B24: 40/50 x 6 | D24: =D19+D20+D21+'Billet and Gauge'!D55 -> 46531 | E24: =D19+E20+E21+'Billet and Gauge'!D55 -> 46531 | F24: =D19+F20+F21+'Billet and Gauge'!D55 -> 46531 | G24: =D19+G20+G21+'Billet and Gauge'!D55 -> 50531 | H24: =D19+H20+H21+'Billet and Gauge'!D55 -> 54770 | I24: =D19+I20+I21+'Billet and Gauge'!D61 -> 58000 | J24: =D19+J20+J21+'Billet and Gauge'!D61 -> 58500 | M24: CORE | N24: MS
B25: 50/65/75/100 x 8/10/12 | D25: =D19+D20+D21+'Billet and Gauge'!D54 -> 46031 | E25: =D19+E20+E21+'Billet and Gauge'!D54 -> 46031 | F25: =D19+F20+F21+'Billet and Gauge'!D54 -> 46031 | G25: =D19+G20+G21+'Billet and Gauge'!D54 -> 50031 | H25: =D19+H20+H21+'Billet and Gauge'!D54 -> 54270 | I25: =D19+I20+I21+'Billet and Gauge'!D61 -> 58000 | J25: =D19+J20+J21+'Billet and Gauge'!D61 -> 58500 | M25: PG /NTPC | N25: HT
B26: 25 x 5/6 | D26: =D19+D20+D21+'Billet and Gauge'!D59 -> 47031 | E26: - | F26: - | G26: - | H26: - | I26: - | J26: - | M26: MAIN /BSEN | N26: HT
B27: 25 x 3/4 | D27: =D19+D20+D21+'Billet and Gauge'!D60 -> 48031 | E27: - | F27: - | G27: - | H27: - | I27: - | J27: - | M27: NPG | N27: HT
B28: 125/150 x 6/8/10/12/16 | D28: =D19+D20+D21+'Billet and Gauge'!D56 -> 46531 | E28: =D19+E20+E21+'Billet and Gauge'!D56 -> 46531 | F28: =D19+F20+F21+'Billet and Gauge'!D56 -> 46531 | G28: =D19+G20+G21+'Billet and Gauge'!D56 -> 50531 | H28: =D19+H20+H21+'Billet and Gauge'!D56 -> 54770 | I28: - | J28: - | M28: CORE | N28: HT
B29: 200 x 6/8/10/12/16 | D29: =D19+D20+D21+'Billet and Gauge'!D57 -> 47531 | E29: =D19+E20+E21+'Billet and Gauge'!D57 -> 47531 | F29: =D19+F20+F21+'Billet and Gauge'!D57 -> 47531 | G29: =D19+G20+G21+'Billet and Gauge'!D57 -> 51531 | H29: =D19+H20+H21+'Billet and Gauge'!D57 -> 55770 | I29: - | J29: -
B30: 250 x 6/8/10/12 | D30: =D19+D20+D21+'Billet and Gauge'!D58 -> 49031 | E30: - | F30: =D19+F20+F21+'Billet and Gauge'!D58 -> 49031 | G30: - | H30: - | I30: - | J30: -
B33: MS Rounds | C33: Conversion | D33: ='Billet and Gauge'!C137 -> 500
C34: Base Price: | D34: ='Billet and Gauge'!C9 -> 38511 | E34: ='Billet and Gauge'!C9 -> 38511 | F34: ='Billet and Gauge'!C9 -> 38511 | G34: ='Billet and Gauge'!E9 -> 42511 | H34: ='Billet and Gauge'!E21 -> 55500 | I34: ='Billet and Gauge'!G21 -> 58500
C35: Load+Trspt+Brok | D35: =385+250+85 -> 720 | E35: =385+250+85 -> 720 | F35: =385+250+85 -> 720 | G35: =385+250+85 -> 720 | H35: 1250 | I35: 3750
C36: Make: | D36: (NPG) | E36: (NPG) | F36: (NPG) | G36: (Tested) | H36: (MAIN) | I36: (MAIN)
B37: Sections | C37: Supplier: | D37: SRS | E37: ANKIT | F37: RATS | G37: SRS | H37: BHAGWATI | I37: BHAGWATI
B38: 28, 30, 32, 36, 40, 42, 45, 50 mm | D38: =D33+D34+D35+'Billet and Gauge'!D65 -> 46031 | E38: =D33+E34+E35+'Billet and Gauge'!D65 -> 46031 | F38: =D33+F34+F35+'Billet and Gauge'!D65 -> 46031 | G38: =D33+G34+G35+'Billet and Gauge'!D65 -> 50031 | H38: =H34+H35 -> 56750 | I38: =I34+I35 -> 62250
B39: 20, 22, 25 mm | D39: =D33+D34+D35+'Billet and Gauge'!D66 -> 46531 | E39: =D33+E34+E35+'Billet and Gauge'!D66 -> 46531 | F39: =D33+F34+F35+'Billet and Gauge'!D66 -> 46531 | G39: =D33+G34+G35+'Billet and Gauge'!D66 -> 50531 | H39: =H34+H35 -> 56750 | I39: =I34+I35 -> 62250
B40: 54, 56, 60, 63, 65 mm | D40: - | E40: - | F40: - | G40: - | H40: =H34+H35 -> 56750 | I40: =I34+I35 -> 62250
B43: RSJ, WPB, Channels & Beams | C43: MS | D43: ='Billet and Gauge'!C140 -> 0
C44: HT | D44: ='Billet and Gauge'!C141 -> 2000
C45: Base Price: | D45: ='Billet and Gauge'!D9 -> 44511 | E45: ='Billet and Gauge'!D9 -> 44511 | F45: ='Billet and Gauge'!F9 -> 48511 | G45: ='Billet and Gauge'!F9 -> 48511 | H45: ='Billet and Gauge'!F9 -> 48511 | I45: ='Billet and Gauge'!L9 -> 45950 | J45: ='Billet and Gauge'!H9 -> 44500 | L45: ='Billet and Gauge'!M9 -> 50000
C46: Load+Trspt+Brok | D46: =385+250+85 -> 720 | E46: =385+250+85 -> 720 | F46: =385+250+85 -> 720 | G46: =385+250+85 -> 720 | H46: =385+250+85 -> 720 | I46: 1250 | J46: 2500 | L46: 1100
C47: Make: | D47: (NPG) | E47: (NPG) | F47: (TESTED) | G47: (CORE) | H47: (CORE) | I47: (MAIN) | J47: (MAIN) | L47: (MAIN)
B48: Sections | C48: Supplier: | D48: NSPL | E48: GANPATI | F48: RRI | G48: NSPL | H48: KIPL | I48: RUPL | J48: SAIL | L48: JSPL
B49: 100 x 116 mm (RSJ) | D49: =D43+D45+D46+'Billet and Gauge'!C82 -> 46431 | E49: =D43+E45+E46+'Billet and Gauge'!C82 -> 46431 | F49: =D43+F45+F46+'Billet and Gauge'!C82 -> 50431 | G49: =D43+G45+G46+'Billet and Gauge'!C82 -> 50431 | H49: =D43+H45+H46+'Billet and Gauge'!C82 -> 50431 | I49: =D43+I45+I46+'Billet and Gauge'!F71 -> 54700 | J49: =J43+J45+J46+'Billet and Gauge'!I71 -> 57000 | L49: -
B50: 152 x 152 mm (RSJ), 37kg | D50: =D43+D45+D46+'Billet and Gauge'!C83 -> 47031 | E50: =D43+E45+E46+'Billet and Gauge'!C83 -> 47031 | F50: =D43+F45+F46+'Billet and Gauge'!C83 -> 51031 | G50: =D43+G45+G46+'Billet and Gauge'!C83 -> 51031 | H50: =D43+H45+H46+'Billet and Gauge'!C83 -> 51031 | I50: =D43+I45+I46+'Billet and Gauge'!F72 -> 54700 | J50: =J43+J45+J46+'Billet and Gauge'!I72 -> 57000 | L50: =D43+L45+L46+'Billet and Gauge'!I78 -> 68600
B51: 150 x 150 mm (RSJ), 34kg | D51: =D43+D45+D46+'Billet and Gauge'!C84 -> 47031 | E51: =D43+E45+E46+'Billet and Gauge'!C84 -> 47031 | F51: =D43+F45+F46+'Billet and Gauge'!C84 -> 51031 | G51: =D43+G45+G46+'Billet and Gauge'!C84 -> 51031 | H51: =D43+H45+H46+'Billet and Gauge'!C84 -> 51031 | I51: =D43+I45+I46+'Billet and Gauge'!F73 -> 54700 | J51: =J43+J45+J46+'Billet and Gauge'!I73 -> 57000 | L51: =D43+L45+L46+'Billet and Gauge'!I79 -> 68600
B52: 203 x 152 mm (RSJ/UC) | D52: =D43+D45+D46+'Billet and Gauge'!C86 -> 50231 | E52: =D43+E45+E46+'Billet and Gauge'!C86 -> 50231 | F52: =D43+F45+F46+'Billet and Gauge'!C86 -> 54231 | G52: =D43+G45+G46+'Billet and Gauge'!C86 -> 54231 | H52: =D43+H45+H46+'Billet and Gauge'!C86 -> 54231 | I52: =D43+I45+I46+'Billet and Gauge'!F74 -> 54700 | J52: - | L52: =D43+L45+L46+'Billet and Gauge'!I80 -> 72600
B53: 203 x 203 mm (RSJ/UC) | D53: =D43+D45+D46+'Billet and Gauge'!C87 -> 52731 | E53: =D43+E45+E46+'Billet and Gauge'!C87 -> 52731 | F53: =D43+F45+F46+'Billet and Gauge'!C87 -> 56731 | G53: =D43+G45+G46+'Billet and Gauge'!C87 -> 56731 | H53: =D43+H45+H46+'Billet and Gauge'!C87 -> 56731 | I53: - | J53: - | L53: =D43+L45+L46+'Billet and Gauge'!I81 -> 72600
B54: 160 x 152 mm (WPB) | D54: - | E54: - | F54: - | G54: - | H54: - | I54: - | J54: =J43+J45+J46+'Billet and Gauge'!I74 -> 56000 | L54: =D43+L45+L46+'Billet and Gauge'!I77 -> 68600
B56: 74 x 40 mm (MC) | D56: =D43+D45+D46+'Billet and Gauge'!C92 -> 45531 | E56: =D43+E45+E46+'Billet and Gauge'!C92 -> 45531 | F56: =D43+F45+F46+'Billet and Gauge'!C92 -> 49531 | G56: =D43+G45+G46+'Billet and Gauge'!C92 -> 49531 | H56: =D43+H45+H46+'Billet and Gauge'!C92 -> 49531 | I56: - | J56: - | L56: -
B57: 100 x 50 mm (MC) | D57: =D43+D45+D46+'Billet and Gauge'!C91 -> 45531 | E57: =D43+E45+E46+'Billet and Gauge'!C91 -> 45531 | F57: =D43+F45+F46+'Billet and Gauge'!C91 -> 49531 | G57: =D43+G45+G46+'Billet and Gauge'!C91 -> 49531 | H57: =D43+H45+H46+'Billet and Gauge'!C91 -> 49531 | I57: =D43+I45+I46+'Billet and Gauge'!F71 -> 54700 | J57: - | L57: =D43+L45+L46+'Billet and Gauge'!F91 -> 60600
B58: 125 x 65 mm (MC) | D58: =D43+D45+D46+'Billet and Gauge'!C91 -> 45531 | E58: =D43+E45+E46+'Billet and Gauge'!C91 -> 45531 | F58: =D43+F45+F46+'Billet and Gauge'!C91 -> 49531 | G58: =D43+G45+G46+'Billet and Gauge'!C91 -> 49531 | H58: =D43+H45+H46+'Billet and Gauge'!C91 -> 49531 | I58: =D43+I45+I46+'Billet and Gauge'!F71 -> 54700 | J58: - | L58: =D43+L45+L46+'Billet and Gauge'!F91 -> 60600
B59: 150 x 75 mm (MC) | D59: =D43+D45+D46+'Billet and Gauge'!C91 -> 45531 | E59: =D43+E45+E46+'Billet and Gauge'!C91 -> 45531 | F59: =D43+F45+F46+'Billet and Gauge'!C91 -> 49531 | G59: =G43+G45+G46+'Billet and Gauge'!C91 -> 49531 | H59: =D43+H45+H46+'Billet and Gauge'!C91 -> 49531 | I59: =D43+I45+I46+'Billet and Gauge'!F71 -> 54700 | J59: - | L59: =D43+L45+L46+'Billet and Gauge'!F91 -> 60600
B60: 175 x 75 mm (MC) | D60: =D43+D45+D46+'Billet and Gauge'!C93 -> 48731 | E60: =D43+E45+E46+'Billet and Gauge'!C93 -> 48731 | F60: =D43+F45+F46+'Billet and Gauge'!C93 -> 52731 | G60: =D43+G45+G46+'Billet and Gauge'!C93 -> 52731 | H60: =D43+H45+H46+'Billet and Gauge'!C93 -> 52731 | I60: - | J60: - | L60: =D43+L45+L46+'Billet and Gauge'!F93 -> 61600
B61: 200 x 75 mm (MC) | D61: =D43+D45+D46+'Billet and Gauge'!C94 -> 46731 | E61: =D43+E45+E46+'Billet and Gauge'!C94 -> 46731 | F61: =D43+F45+F46+'Billet and Gauge'!C94 -> 50731 | G61: =D43+G45+G46+'Billet and Gauge'!C94 -> 50731 | H61: =D43+H45+H46+'Billet and Gauge'!C94 -> 50731 | I61: =D43+I45+I46+'Billet and Gauge'!F71 -> 54700 | J61: - | L61: =D43+L45+L46+'Billet and Gauge'!F94 -> 60600
B62: 225 x 80 mm (MC) | D62: =D43+D45+D46+'Billet and Gauge'!C95 -> 49231 | E62: - | F62: =D43+F45+F46+'Billet and Gauge'!C95 -> 53231 | G62: =D43+G45+G46+'Billet and Gauge'!C95 -> 53231 | H62: =D43+H45+H46+'Billet and Gauge'!C95 -> 53231 | I62: - | J62: - | L62: -
B63: 250 x 80 mm (MC) | D63: =D43+D45+D46+'Billet and Gauge'!C96 -> 47731 | E63: =D43+E45+E46+'Billet and Gauge'!C96 -> 47731 | F63: =D43+F45+F46+'Billet and Gauge'!C96 -> 51731 | G63: =D43+G45+G46+'Billet and Gauge'!C96 -> 51731 | H63: =D43+H45+H46+'Billet and Gauge'!C96 -> 51731 | I63: =D43+I45+I46+'Billet and Gauge'!F71 -> 54700 | J63: - | L63: =D43+L45+L46+'Billet and Gauge'!F96 -> 61600
B64: 300 x 90 mm (MC) | D64: =D43+D45+D46+'Billet and Gauge'!C97 -> 49731 | E64: =D43+E45+E46+'Billet and Gauge'!C97 -> 49731 | F64: =D43+F45+F46+'Billet and Gauge'!C97 -> 53731 | G64: =D43+G45+G46+'Billet and Gauge'!C97 -> 53731 | H64: =D43+H45+H46+'Billet and Gauge'!C97 -> 53731 | I64: - | J64: - | L64: =D43+L45+L46+'Billet and Gauge'!F97 -> 63600
B65: 400 x 100 mm (MC) | D65: =D43+D45+D46+'Billet and Gauge'!C98 -> 51231 | E65: =D43+E45+E46+'Billet and Gauge'!C98 -> 51231 | F65: =D43+F45+F46+'Billet and Gauge'!C98 -> 55231 | G65: =D43+G45+G46+'Billet and Gauge'!C98 -> 55231 | H65: =D43+H45+H46+'Billet and Gauge'!C98 -> 55231 | I65: - | J65: - | L65: =D43+L45+L46+'Billet and Gauge'!F98 -> 65600
B67: 150 x 75 mm (MB) | D67: =D43+D45+D46+'Billet and Gauge'!C71 -> 45231 | E67: =D43+E45+E46+'Billet and Gauge'!C71 -> 45231 | F67: =D43+F45+F46+'Billet and Gauge'!C71 -> 49231 | G67: =D43+G45+G46+'Billet and Gauge'!C71 -> 49231 | H67: =E43+H45+H46+'Billet and Gauge'!D71 -> 49231 | I67: - | J67: - | L67: -
B68: 200 x 100 mm (MB) | D68: =D43+D45+D46+'Billet and Gauge'!C74 -> 45731 | E68: =D43+E45+E46+'Billet and Gauge'!C74 -> 45731 | F68: =D43+F45+F46+'Billet and Gauge'!C74 -> 49731 | G68: =D43+G45+G46+'Billet and Gauge'!C74 -> 49731 | H68: =E43+H45+H46+'Billet and Gauge'!D74 -> 49231 | I68: - | J68: - | L68: -
B69: 250 x 125 mm (MB) | D69: =D43+D45+D46+'Billet and Gauge'!C75 -> 46831 | E69: =D43+E45+E46+'Billet and Gauge'!C75 -> 46831 | F69: =D43+F45+F46+'Billet and Gauge'!C75 -> 50831 | G69: =D43+G45+G46+'Billet and Gauge'!C75 -> 50831 | H69: =E43+H45+H46+'Billet and Gauge'!D75 -> 49231 | I69: - | J69: - | L69: -
B70: 300 x 140 mm (MB) | D70: =D43+D45+D46+'Billet and Gauge'!C76 -> 47731 | E70: =D43+E45+E46+'Billet and Gauge'!C76 -> 47731 | F70: =D43+F45+F46+'Billet and Gauge'!C76 -> 51731 | G70: =D43+G45+G46+'Billet and Gauge'!C76 -> 51731 | H70: =E43+H45+H46+'Billet and Gauge'!D76 -> 49231 | I70: - | J70: - | L70: -
B71: 350 x 140 mm (MB) | D71: =D43+D45+D46+'Billet and Gauge'!C77 -> 49731 | E71: =D43+E45+E46+'Billet and Gauge'!C77 -> 49731 | F71: =D43+F45+F46+'Billet and Gauge'!C77 -> 53731 | G71: =D43+G45+G46+'Billet and Gauge'!C77 -> 53731 | H71: =E43+H45+H46+'Billet and Gauge'!D77 -> 49231 | I71: - | J71: - | L71: -
B72: 400 x 140 mm (MB) | D72: =D43+D45+D46+'Billet and Gauge'!C78 -> 49231 | E72: =D43+E45+E46+'Billet and Gauge'!C78 -> 49231 | F72: =D43+F45+F46+'Billet and Gauge'!C78 -> 53231 | G72: =D43+G45+G46+'Billet and Gauge'!C78 -> 53231 | H72: =E43+H45+H46+'Billet and Gauge'!D78 -> 49231 | I72: - | J72: - | L72: -
B73: 450 x 150 mm (MB) | D73: =D43+D45+D46+'Billet and Gauge'!C79 -> 50731 | E73: =D43+E45+E46+'Billet and Gauge'!C79 -> 50731 | F73: =D43+F45+F46+'Billet and Gauge'!C79 -> 54731 | G73: =D43+G45+G46+'Billet and Gauge'!C79 -> 54731 | H73: =E43+H45+H46+'Billet and Gauge'!D79 -> 49231 | I73: - | J73: - | L73: -
B74: 500 x 180 mm (MB) | D74: =D43+D45+D46+'Billet and Gauge'!C80 -> 52231 | E74: =D43+E45+E46+'Billet and Gauge'!C80 -> 52231 | F74: =D43+F45+F46+'Billet and Gauge'!C80 -> 56231 | G74: =D43+G45+G46+'Billet and Gauge'!C80 -> 56231 | H74: =E43+H45+H46+'Billet and Gauge'!D80 -> 49231 | I74: - | J74: - | L74: -
B75: 600 x 210 mm (MB) | D75: =D43+D45+D46+'Billet and Gauge'!C81 -> 55231 | E75: =D43+E45+E46+'Billet and Gauge'!C81 -> 55231 | F75: =D43+F45+F46+'Billet and Gauge'!C81 -> 59231 | G75: =D43+G45+G46+'Billet and Gauge'!C81 -> 59231 | H75: =E43+H45+H46+'Billet and Gauge'!D81 -> 49231 | I75: - | J75: - | L75: -
B78: Plate | C78: MS | D78: ='Billet and Gauge'!C144 -> 0 | F78: ='Billet and Gauge'!F144 -> 0
C79: HT | D79: ='Billet and Gauge'!C145 -> 3500 | F79: ='Billet and Gauge'!F145 -> 0
C80: Base Price: | D80: ='Billet and Gauge'!C12 -> 57000 | E80: ='Billet and Gauge'!D12 -> 57000 | F80: ='Billet and Gauge'!E12 -> 59000
C81: Transportation: | D81: =385+250+85 -> 720 | E81: 1250 | F81: 1100
C82: Make: | D82: (MAIN) | E82: (MAIN) | F82: (MAIN)
B83: Sections | C83: Supplier: | D83: MEHTA | E83: RELIABLE | F83: JSPL
B84: 6 mm, 8 mm, 10 mm | D84: =D78+D80+D81+'Billet and Gauge'!C102 -> 57720 | E84: =D78+E80+E81+'Billet and Gauge'!D102 -> 58250 | F84: =D78+F80+F81+'Billet and Gauge'!E102 -> 60100
B85: 16 mm & 20 mm | D85: =D78+D80+D81+'Billet and Gauge'!C103 -> 57720 | E85: =D78+E80+E81+'Billet and Gauge'!D103 -> 59250 | F85: =D78+F80+F81+'Billet and Gauge'!E103 -> 60100
B86: 12mm & 25 mm | D86: =D78+D80+D81+'Billet and Gauge'!C104 -> 58220 | E86: =D78+E80+E81+'Billet and Gauge'!D104 -> 59750 | F86: =D78+F80+F81+'Billet and Gauge'!E104 -> 61100
B87: 28 mm to 40 mm | D87: =D78+D80+D81+'Billet and Gauge'!C105 -> 58220 | E87: =D78+E80+E81+'Billet and Gauge'!D105 -> 60250 | F87: =D78+F80+F81+'Billet and Gauge'!E105 -> 62600
B88: 45 mm to 63 mm | D88: =D78+D80+D81+'Billet and Gauge'!C106 -> 59720 | E88: =D78+E80+E81+'Billet and Gauge'!D106 -> 62750 | F88: =D78+F80+F81+'Billet and Gauge'!E106 -> 63600
B89: 5 mm to 8 mm (Cheq.) | D89: =D78+D80+D81+'Billet and Gauge'!C107 -> 57720 | E89: =D78+E80+E81+'Billet and Gauge'!D107 -> 60250 | F89: =D78+F80+F81+'Billet and Gauge'!E107 -> 60100
B92: Pipe | C92: MS (YST-240) | D92: ='Billet and Gauge'!C148 -> 4000
C93: HT (YST-310) | D93: 0
C94: Base Price: | D94: ='Billet and Gauge'!C15 -> 57000 | E94: ='Billet and Gauge'!C15 -> 57000 | F94: ='Billet and Gauge'!C15 -> 57000 | G94: ='Billet and Gauge'!E15 -> 57000 | H94: ='Billet and Gauge'!D15 -> 56075
C95: Transportation: | D95: 2500 | E95: 2500 | F95: 2500 | G95: 4000 | H95: 500
C96: Make: | D96: (PG) | E96: (PG) | F96: (PG) | G96: (NPG) | H96: (NPG)
B97: Sections | C97: Supplier: | D97: TATA (240) | E97: JINDAL (K) | F97: UTPL (K) | G97: DADU(GZ) | H97: APL (RYP)
B98: 25 NB to 65 NB | D98: =D92+'Billet and Gauge'!C150+D94+D95+'Billet and Gauge'!C111 -> 65500 | E98: =D92+E94+E95+'Billet and Gauge'!C111 -> 63500 | F98: =D92+F94+F95+'Billet and Gauge'!C111 -> 63500 | G98: =D92+G94+G95+'Billet and Gauge'!C111 -> 65000 | H98: =D92+H94+H95+'Billet and Gauge'!C111 -> 60575
B99: 80 NB to 150 NB | D99: =D92+'Billet and Gauge'!C150+D94+D95+'Billet and Gauge'!C112 -> 65500 | E99: =D92+E94+E95+'Billet and Gauge'!C112 -> 63500 | F99: =D92+F94+F95+'Billet and Gauge'!C112 -> 63500 | G99: =D92+G94+G95+'Billet and Gauge'!C112 -> 65000 | H99: =D92+H94+H95+'Billet and Gauge'!C112 -> 60575
B100: 175 NB to 200 NB | D100: =D92+'Billet and Gauge'!C150+D94+D95+'Billet and Gauge'!C113 -> 66500 | E100: =D92+E94+E95+'Billet and Gauge'!C113 -> 64500 | F100: =D92+F94+F95+'Billet and Gauge'!C113 -> 64500 | G100: =D92+G94+G95+'Billet and Gauge'!C113 -> 66000 | H100: =D92+H94+H95+'Billet and Gauge'!C113 -> 61575
B101: 250 NB to 300 NB | D101: =D92+'Billet and Gauge'!C150+D94+D95+'Billet and Gauge'!C114 -> 68500 | E101: =D92+E94+E95+'Billet and Gauge'!C114 -> 66500 | F101: =D92+F94+F95+'Billet and Gauge'!C114 -> 66500 | G101: =D92+G94+G95+'Billet and Gauge'!C114 -> 68000 | H101: =D92+H94+H95+'Billet and Gauge'!C114 -> 63575
B102: 350 NB to 400 NB | D102: =D92+'Billet and Gauge'!C150+D94+D95+'Billet and Gauge'!C115 -> 69500 | E102: =D92+E94+E95+'Billet and Gauge'!C115 -> 67500 | F102: =D92+F94+F95+'Billet and Gauge'!C115 -> 67500 | G102: =D92+G94+G95+'Billet and Gauge'!C115 -> 69000 | H102: =D92+H94+H95+'Billet and Gauge'!C115 -> 64575
B105: Hardware | C105: Drawing | D105: ='Billet and Gauge'!C153 -> 3000
C106: Conversion | D106: ='Billet and Gauge'!C154 -> 35000
C107: 5.6 | D107: ='Billet and Gauge'!C155 -> 0
C108: 6.8 | D108: ='Billet and Gauge'!C156 -> 6000
C109: 8.8 | D109: ='Billet and Gauge'!C157 -> 35000
C110: Base Price: | D110: ='Billet and Gauge'!C18 -> 54000 | E110: ='Billet and Gauge'!C18 -> 54000 | F110: ='Billet and Gauge'!C18 -> 54000 | G110: ='Billet and Gauge'!C18 -> 54000 | H110: ='Billet and Gauge'!E18 -> 59500 | I110: ='Billet and Gauge'!D18 -> 61000 | L110: =H110+H111+D106+D105 -> 100500
C111: Transportation: | D111: 4500 | E111: 4500 | F111: 4500 | G111: 4500 | H111: 3000 | I111: 4500
C112: Make: | D112: (NPG) | E112: (NPG) | F112: (NPG) | G112: (NPG) | H112: (PG) | I112: (PG)
B113: Sections | C113: Supplier: | D113: REMAX | E113: BRK | H113: VINDHYAVAS | I113: REMAX
B114: M-16 N&B | D114: =D105+D106+D111+D110+'Billet and Gauge'!C119 -> 96500 | E114: =D105+D106+E111+E110+'Billet and Gauge'!C119 -> 96500 | F114: =D105+D106+F111+F110+'Billet and Gauge'!C119 -> 96500 | G114: =D105+D106+G111+G110+'Billet and Gauge'!C119 -> 96500 | H114: =D105+D106+H111+H110+'Billet and Gauge'!C119 -> 100500 | I114: =D105+D106+I111+I110+'Billet and Gauge'!C119 -> 103500
B115: M-12 N&B | D115: =D105+D106+D111+D110+'Billet and Gauge'!C120 -> 99500 | E115: =D105+D106+E111+E110+'Billet and Gauge'!C120 -> 99500 | F115: =D105+D106+F111+F110+'Billet and Gauge'!C120 -> 99500 | G115: =D105+D106+G111+G110+'Billet and Gauge'!C120 -> 99500 | H115: =D105+D106+H111+H110+'Billet and Gauge'!C120 -> 103500 | I115: =D105+D106+I111+I110+'Billet and Gauge'!C120 -> 106500
...
